"Tanggal","Terakhir","Pembukaan","Tertinggi","Terendah","Vol.","Perubahan%"
"30/12/2024","20.250","20.350","20.400","20.000","152,90K","0,25%"
"27/12/2024","20.200","20.350","20.400","20.125","80,40K","-0,74%"
"24/12/2024","20.350","20.325","20.400","20.075","79,60K","0,12%"
"23/12/2024","20.325","20.375","20.475","19.925","119,30K","-0,25%"
"20/12/2024","20.375","20.300","20.400","20.000","146,20K","0,37%"
"19/12/2024","20.300","20.000","20.450","20.000","141,80K","1,50%"
"18/12/2024","20.000","20.475","20.475","20.000","134,20K","-2,32%"
"17/12/2024","20.475","20.475","20.675","20.250","179,60K","0,00%"
"16/12/2024","20.475","20.300","20.700","20.000","265,50K","0,86%"
"13/12/2024","20.300","20.700","20.850","20.300","171,80K","-1,93%"
"12/12/2024","20.700","20.775","21.250","20.125","340,80K","0,00%"
"11/12/2024","20.700","20.000","21.375","20.000","675,90K","3,50%"
"10/12/2024","20.000","19.900","20.000","19.700","124,70K","0,50%"
"09/12/2024","19.900","19.850","20.000","19.750","199,80K","0,25%"
"06/12/2024","19.850","19.800","19.850","19.700","193,60K","0,25%"
"05/12/2024","19.800","19.800","19.825","19.675","26,40K","0,00%"
"04/12/2024","19.800","19.700","19.800","19.600","89,30K","0,51%"
"03/12/2024","19.700","19.650","19.700","19.350","215,50K","0,51%"
"02/12/2024","19.600","19.500","19.850","19.250","208,80K","0,13%"
"29/11/2024","19.575","19.525","19.575","19.325","75,30K","0,00%"
"28/11/2024","19.575","19.600","19.650","19.200","124,60K","-0,13%"
"26/11/2024","19.600","19.850","19.850","19.300","282,90K","-0,51%"
"25/11/2024","19.700","19.000","19.700","19.000","497,30K","3,82%"
"22/11/2024","18.975","19.000","19.000","18.650","123,80K","-0,13%"
"21/11/2024","19.000","18.000","19.000","18.000","442,90K","5,56%"
"20/11/2024","18.000","17.975","18.000","17.825","19,30K","0,00%"
"19/11/2024","18.000","18.000","18.000","17.725","65,90K","0,00%"
"18/11/2024","18.000","18.000","18.000","17.725","80,60K","0,00%"
"15/11/2024","18.000","17.900","18.000","16.950","90,00K","0,42%"
"14/11/2024","17.925","17.900","18.000","17.875","84,40K","0,14%"
"13/11/2024","17.900","17.800","17.925","17.800","77,60K","0,56%"
"12/11/2024","17.800","17.725","17.900","17.725","79,30K","0,28%"
"11/11/2024","17.750","17.725","17.750","17.525","119,30K","0,14%"
"08/11/2024","17.725","17.650","17.750","17.475","192,00K","0,28%"
"07/11/2024","17.675","17.150","17.750","16.800","154,20K","2,76%"
"06/11/2024","17.200","17.150","17.200","16.975","71,70K","0,00%"
"05/11/2024","17.200","17.150","17.200","17.000","92,30K","0,00%"
"04/11/2024","17.200","17.200","17.225","16.800","56,50K","-0,15%"
"01/11/2024","17.225","17.175","17.225","17.000","107,20K","0,15%"
"31/10/2024","17.200","17.100","17.200","16.850","96,40K","0,29%"
"30/10/2024","17.150","17.050","17.175","16.950","65,60K","0,29%"
"29/10/2024","17.100","17.125","17.225","16.900","66,90K","-0,44%"
"28/10/2024","17.175","17.050","17.175","16.850","89,60K","0,44%"
"25/10/2024","17.100","17.175","17.200","16.975","29,20K","-0,44%"
"24/10/2024","17.175","17.125","17.200","17.100","74,60K","0,29%"
"23/10/2024","17.125","17.200","17.225","17.025","72,60K","-0,44%"
"22/10/2024","17.200","17.175","17.200","16.975","59,40K","0,15%"
"21/10/2024","17.175","17.175","17.200","16.975","78,90K","0,00%"
"18/10/2024","17.175","17.125","17.175","16.975","66,00K","0,29%"
"17/10/2024","17.125","16.900","17.125","16.800","180,10K","1,18%"
"16/10/2024","16.925","16.925","16.950","16.850","42,50K","0,45%"
"15/10/2024","16.850","16.900","16.925","16.800","82,80K","0,75%"
"14/10/2024","16.725","16.675","16.725","16.600","63,50K","0,15%"
"11/10/2024","16.700","16.450","17.000","16.350","80,30K","1,52%"
"10/10/2024","16.450","16.450","16.450","16.325","26,90K","0,00%"
"09/10/2024","16.450","16.550","16.550","16.375","61,50K","-0,60%"
"08/10/2024","16.550","16.575","16.575","16.375","52,70K","-0,15%"
"07/10/2024","16.575","16.600","16.800","16.450","35,40K","0,45%"
"04/10/2024","16.500","16.750","16.750","16.500","34,10K","-1,20%"
"03/10/2024","16.700","16.925","16.925","16.625","18,80K","-1,33%"
"02/10/2024","16.925","16.675","17.025","16.500","120,60K","1,65%"
"01/10/2024","16.650","16.600","16.750","16.350","120,40K","2,15%"
"30/09/2024","16.300","17.225","17.400","16.300","235,00K","-5,37%"
"27/09/2024","17.225","16.650","17.400","16.625","616,20K","3,77%"
"26/09/2024","16.600","16.525","16.625","16.475","95,60K","0,00%"
"25/09/2024","16.600","16.475","17.000","16.425","220,90K","0,76%"
"24/09/2024","16.475","16.475","16.475","16.300","178,20K","0,00%"
"23/09/2024","16.475","16.525","16.550","16.425","36,90K","-0,45%"
"20/09/2024","16.550","16.525","16.675","16.375","82,70K","0,15%"
"19/09/2024","16.525","16.525","16.525","16.425","97,30K","0,00%"
"18/09/2024","16.525","16.525","16.525","16.500","110,50K","0,00%"
"17/09/2024","16.525","16.500","16.525","16.450","70,90K","0,15%"
"13/09/2024","16.500","16.400","16.650","16.375","118,60K","-0,45%"
"12/09/2024","16.575","16.500","16.600","16.400","72,70K","0,45%"
"11/09/2024","16.500","16.475","16.600","16.400","105,50K","-0,60%"
"10/09/2024","16.600","16.550","16.650","16.125","419,90K","0,30%"
"09/09/2024","16.550","16.750","16.750","15.975","385,50K","-1,19%"
"06/09/2024","16.750","16.775","16.775","16.500","219,40K","-0,15%"
"05/09/2024","16.775","16.750","16.775","16.600","151,30K","0,00%"
"04/09/2024","16.775","16.650","16.800","16.500","173,40K","0,75%"
"03/09/2024","16.650","16.800","16.900","16.600","162,70K","-0,89%"
"02/09/2024","16.800","16.775","16.900","16.725","211,40K","0,60%"
"30/08/2024","16.700","16.900","17.100","16.400","405,90K","-1,04%"
"29/08/2024","16.875","17.225","17.225","16.725","780,30K","-2,03%"
"28/08/2024","17.225","16.650","17.800","16.650","786,50K","3,45%"
"27/08/2024","16.650","16.775","16.875","16.625","145,00K","-0,75%"
"26/08/2024","16.775","16.950","16.975","16.625","240,30K","-0,59%"
"23/08/2024","16.875","17.000","17.025","16.850","121,90K","-0,74%"
"22/08/2024","17.000","17.125","17.125","16.875","37,30K","0,15%"
"21/08/2024","16.975","17.000","17.150","16.975","36,60K","-0,15%"
"20/08/2024","17.000","17.075","17.075","16.950","225,80K","-0,44%"
"19/08/2024","17.075","17.025","17.100","16.850","77,40K","0,29%"
"16/08/2024","17.025","17.500","17.500","17.000","711,00K","-2,30%"
"15/08/2024","17.425","17.375","17.425","17.300","126,60K","0,29%"
"14/08/2024","17.375","17.400","17.425","17.200","121,30K","-0,14%"
"13/08/2024","17.400","17.200","17.500","17.000","281,20K","1,16%"
"12/08/2024","17.200","17.300","17.300","17.000","137,60K","-1,43%"
"09/08/2024","17.450","17.300","17.450","17.175","98,80K","0,00%"
"08/08/2024","17.450","17.700","17.700","16.825","352,00K","0,14%"
"07/08/2024","17.425","16.875","17.500","16.800","249,40K","3,26%"
"06/08/2024","16.875","16.775","16.900","16.625","99,40K","0,45%"
"05/08/2024","16.800","17.200","17.325","16.075","651,20K","-1,18%"
"02/08/2024","17.000","17.025","17.175","16.975","192,80K","-0,15%"
"01/08/2024","17.025","17.000","17.200","17.000","145,00K","-0,15%"
"31/07/2024","17.050","17.100","17.100","17.050","233,30K","-0,87%"
"30/07/2024","17.200","17.200","17.300","17.075","191,70K","0,00%"
"29/07/2024","17.200","17.500","17.500","17.125","240,60K","-0,58%"
"26/07/2024","17.300","17.550","17.550","17.150","247,90K","-1,14%"
"25/07/2024","17.500","17.300","17.975","17.300","409,10K","1,30%"
"24/07/2024","17.275","17.500","17.600","17.275","126,20K","-0,86%"
"23/07/2024","17.425","17.500","17.500","17.150","405,60K","-0,43%"
"22/07/2024","17.500","17.950","17.950","17.450","443,00K","-2,51%"
"19/07/2024","17.950","18.000","18.000","17.800","76,90K","0,14%"
"18/07/2024","17.925","18.250","18.400","17.875","151,20K","-1,51%"
"17/07/2024","18.200","17.950","18.275","17.675","387,00K","1,39%"
"16/07/2024","17.950","17.950","17.975","17.600","162,90K","-0,14%"
"15/07/2024","17.975","18.425","18.500","17.925","240,40K","-2,04%"
"12/07/2024","18.350","18.650","18.650","18.350","242,80K","-1,61%"
"11/07/2024","18.650","18.425","18.800","18.400","202,50K","1,08%"
"10/07/2024","18.450","18.625","18.625","18.350","123,90K","-0,94%"
"09/07/2024","18.625","18.450","18.650","18.350","103,20K","-0,13%"
"08/07/2024","18.650","18.850","18.850","18.325","299,20K","-1,06%"
"05/07/2024","18.850","18.950","19.000","18.600","216,80K","-0,66%"
"04/07/2024","18.975","19.250","19.350","18.300","1,00M","-1,43%"
"03/07/2024","19.250","17.550","19.300","17.550","622,80K","9,69%"
"02/07/2024","17.550","16.525","17.550","16.200","403,10K","7,67%"
"01/07/2024","16.300","15.800","16.575","15.800","436,40K","3,33%"
"28/06/2024","15.775","15.450","15.950","15.275","344,60K","2,77%"
"27/06/2024","15.350","15.200","15.475","15.200","195,20K","0,99%"
"26/06/2024","15.200","15.200","15.300","15.125","157,40K","0,16%"
"25/06/2024","15.175","15.200","15.325","15.175","240,30K","0,00%"
"24/06/2024","15.175","15.250","15.600","14.950","567,50K","0,00%"
"21/06/2024","15.175","17.800","17.800","15.175","3,60M","-14,75%"
"20/06/2024","17.800","17.175","17.800","16.950","75,20K","2,30%"
"19/06/2024","17.400","17.275","17.600","17.250","26,90K","0,72%"
"14/06/2024","17.275","17.325","17.400","17.200","75,90K","-0,14%"
"13/06/2024","17.300","17.475","17.475","17.225","77,70K","-1,00%"
"12/06/2024","17.475","17.400","17.850","17.100","188,80K","-1,27%"
"11/06/2024","17.700","17.600","17.975","17.550","110,60K","-0,42%"
"10/06/2024","17.775","17.750","17.800","17.525","99,30K","-0,14%"
"07/06/2024","17.800","17.800","18.100","17.700","90,10K","0,00%"
"06/06/2024","17.800","17.875","17.950","17.550","124,80K","-0,42%"
"05/06/2024","17.875","17.975","18.000","17.675","105,70K","0,14%"
"04/06/2024","17.850","17.950","18.075","17.800","186,40K","-0,83%"
"03/06/2024","18.000","18.000","18.200","17.675","176,00K","0,14%"
"31/05/2024","17.975","18.200","18.200","17.400","186,50K","-1,24%"
"30/05/2024","18.200","18.350","18.600","17.475","225,00K","-0,82%"
"29/05/2024","18.350","18.600","18.625","18.325","29,60K","-1,34%"
"28/05/2024","18.600","18.300","18.600","18.300","23,90K","-0,13%"
"27/05/2024","18.625","18.675","18.675","18.500","59,10K","-0,13%"
"22/05/2024","18.650","18.725","18.725","18.600","63,70K","-0,40%"
"21/05/2024","18.725","18.700","18.800","18.700","67,80K","-0,79%"
"20/05/2024","18.875","18.925","18.950","18.825","59,40K","-0,40%"
"17/05/2024","18.950","18.875","19.000","18.775","64,50K","0,40%"
"16/05/2024","18.875","18.850","18.925","18.700","66,10K","0,00%"
"15/05/2024","18.875","18.875","18.950","18.875","15,60K","-0,66%"
"14/05/2024","19.000","18.825","19.050","18.825","26,80K","0,00%"
"13/05/2024","19.000","18.900","19.100","18.700","41,80K","0,53%"
"08/05/2024","18.900","18.900","19.050","18.850","27,60K","-0,79%"
"07/05/2024","19.050","18.900","19.075","18.825","40,50K","0,13%"
"06/05/2024","19.025","19.125","19.125","18.800","40,00K","-0,39%"
"03/05/2024","19.100","19.000","19.100","18.950","333,20K","0,53%"
"02/05/2024","19.000","18.975","19.025","18.750","65,20K","0,26%"
"30/04/2024","18.950","18.800","19.050","18.750","78,20K","-0,26%"
"29/04/2024","19.000","18.800","19.000","18.700","44,20K","0,66%"
"26/04/2024","18.875","19.000","19.000","18.775","17,90K","-0,79%"
"25/04/2024","19.025","19.075","19.100","18.850","27,30K","-0,13%"
"24/04/2024","19.050","18.550","19.100","18.550","112,10K","2,97%"
"23/04/2024","18.500","19.000","19.100","18.500","159,40K","-2,25%"
"22/04/2024","18.925","19.100","19.100","18.875","24,10K","-0,92%"
"19/04/2024","19.100","19.100","19.100","18.850","43,30K","0,13%"
"18/04/2024","19.075","19.100","19.100","18.975","51,30K","0,53%"
"17/04/2024","18.975","19.075","19.075","18.925","25,10K","-0,52%"
"16/04/2024","19.075","18.550","19.150","18.050","65,10K","1,46%"
"05/04/2024","18.800","19.050","19.100","18.775","46,00K","-1,31%"
"04/04/2024","19.050","19.050","19.050","18.975","23,20K","0,13%"
"03/04/2024","19.025","19.125","19.125","18.825","38,20K","-0,39%"
"02/04/2024","19.100","19.100","19.275","19.075","38,50K","0,26%"
"01/04/2024","19.050","19.100","19.200","19.000","30,50K","0,26%"
"28/03/2024","19.000","18.950","19.150","18.950","33,40K","0,26%"
"27/03/2024","18.950","19.250","19.325","18.500","111,10K","-1,56%"
"26/03/2024","19.250","19.200","19.450","19.050","100,10K","1,18%"
"25/03/2024","19.025","19.300","19.350","19.025","100,20K","-2,31%"
"22/03/2024","19.475","19.325","19.475","19.225","61,90K","0,13%"
"21/03/2024","19.450","19.425","19.500","19.100","103,40K","0,00%"
"20/03/2024","19.450","19.400","19.475","19.300","42,40K","0,26%"
"19/03/2024","19.400","19.400","19.475","19.275","81,90K","0,00%"
"18/03/2024","19.400","19.300","19.500","19.300","45,90K","0,00%"
"15/03/2024","19.400","19.450","19.475","19.300","22,30K","-0,51%"
"14/03/2024","19.500","19.450","19.500","19.300","36,80K","0,13%"
"13/03/2024","19.475","19.350","19.500","19.275","60,30K","-0,13%"
"08/03/2024","19.500","19.300","19.500","19.150","105,60K","0,91%"
"07/03/2024","19.325","19.250","19.350","19.250","37,30K","-0,39%"
"06/03/2024","19.400","19.400","19.400","19.175","34,40K","-0,13%"
"05/03/2024","19.425","19.300","19.450","19.000","134,60K","-0,13%"
"04/03/2024","19.450","19.325","19.475","19.325","20,40K","-0,26%"
"01/03/2024","19.500","19.375","19.500","19.375","44,40K","0,00%"
"29/02/2024","19.500","19.300","19.500","19.050","338,50K","0,13%"
"28/02/2024","19.475","19.450","19.500","19.375","50,90K","0,00%"
"27/02/2024","19.475","19.375","19.500","19.375","16,90K","0,52%"
"26/02/2024","19.375","19.300","19.525","19.300","29,80K","-0,90%"
"23/02/2024","19.550","19.500","19.550","19.300","33,00K","0,26%"
"22/02/2024","19.500","19.350","19.600","19.350","55,00K","-0,51%"
"21/02/2024","19.600","19.000","19.625","19.000","133,70K","3,16%"
"20/02/2024","19.000","19.450","19.600","18.900","65,50K","-3,06%"
"19/02/2024","19.600","19.500","19.600","19.450","5,70K","0,38%"
"16/02/2024","19.525","19.550","19.625","19.525","42,80K","-0,89%"
"15/02/2024","19.700","19.650","19.700","19.500","66,40K","0,13%"
"13/02/2024","19.675","19.650","19.700","19.450","128,30K","-0,13%"
"12/02/2024","19.700","19.575","19.700","19.475","133,90K","0,13%"
"07/02/2024","19.675","19.675","19.675","19.550","37,60K","0,00%"
"06/02/2024","19.675","19.550","19.700","19.550","21,20K","-0,13%"
"05/02/2024","19.700","19.700","19.700","19.575","28,00K","-0,25%"
"02/02/2024","19.750","19.550","19.750","19.550","32,80K","0,13%"
"01/02/2024","19.725","19.700","19.725","19.650","49,80K","0,13%"
"31/01/2024","19.700","19.650","19.700","19.525","35,30K","0,00%"
"30/01/2024","19.700","19.650","19.700","19.500","40,20K","0,00%"
"29/01/2024","19.700","19.700","19.725","19.400","37,70K","0,00%"
"26/01/2024","19.700","19.550","19.725","19.350","26,10K","0,77%"
"25/01/2024","19.550","19.475","19.725","19.400","46,70K","-0,76%"
"24/01/2024","19.700","19.400","19.700","19.400","47,80K","-0,51%"
"23/01/2024","19.800","19.525","19.800","18.900","221,60K","0,00%"
"22/01/2024","19.800","19.825","19.825","19.200","50,70K","-0,13%"
"19/01/2024","19.825","19.825","19.825","17.250","208,60K","0,00%"
"18/01/2024","19.825","19.750","19.825","19.650","39,70K","0,76%"
"17/01/2024","19.675","19.600","19.800","19.600","27,70K","-0,51%"
"16/01/2024","19.775","19.750","19.775","19.600","52,60K","0,13%"
"15/01/2024","19.750","19.700","19.800","19.625","29,00K","0,25%"
"12/01/2024","19.700","19.750","19.750","19.550","76,60K","-0,25%"
"11/01/2024","19.750","19.750","19.825","19.600","188,60K","-0,38%"
"10/01/2024","19.825","19.900","19.900","19.800","25,70K","-0,38%"
"09/01/2024","19.900","19.700","19.900","19.700","138,60K","0,63%"
"08/01/2024","19.775","20.000","20.000","19.550","60,90K","-0,63%"
"05/01/2024","19.900","19.575","19.925","19.500","130,60K","1,92%"
"04/01/2024","19.525","19.625","19.625","19.250","112,50K","-0,38%"
"03/01/2024","19.600","19.950","19.950","19.600","56,10K","-1,75%"
"02/01/2024","19.950","19.825","19.950","19.650","53,80K","0,25%"
"29/12/2023","19.900","19.800","20.000","19.650","169,10K","0,38%"
"28/12/2023","19.825","19.400","19.900","19.375","123,90K","2,72%"
"27/12/2023","19.300","19.500","19.500","19.200","42,70K","-1,03%"
"22/12/2023","19.500","19.500","19.500","19.300","54,20K","-0,13%"
"21/12/2023","19.525","19.400","19.525","19.175","105,70K","0,26%"
"20/12/2023","19.475","19.200","19.500","18.900","88,90K","1,43%"
"19/12/2023","19.200","19.000","19.200","18.900","49,10K","1,05%"
"18/12/2023","19.000","19.500","19.500","18.875","59,80K","-2,56%"
"15/12/2023","19.500","19.000","19.500","18.900","226,20K","2,63%"
"14/12/2023","19.000","19.000","19.050","18.825","45,50K","0,00%"
"13/12/2023","19.000","18.975","19.000","18.650","98,40K","0,13%"
"12/12/2023","18.975","18.975","18.975","18.700","62,30K","0,00%"
"11/12/2023","18.975","19.000","19.250","18.700","162,70K","-0,13%"
"08/12/2023","19.000","19.000","19.000","18.800","39,00K","0,00%"
"07/12/2023","19.000","19.100","19.100","18.600","114,60K","0,00%"
"06/12/2023","19.000","19.175","19.175","18.825","105,70K","-0,91%"
"05/12/2023","19.175","19.200","19.200","18.750","130,00K","-0,13%"
"04/12/2023","19.200","19.250","19.250","19.025","106,80K","-0,26%"
"01/12/2023","19.250","19.275","19.275","19.025","92,80K","-0,13%"
"30/11/2023","19.275","19.275","19.275","19.025","130,20K","0,00%"
"29/11/2023","19.275","19.325","19.325","19.175","67,80K","-0,26%"
"28/11/2023","19.325","19.400","19.400","19.250","59,60K","-0,39%"
"27/11/2023","19.400","19.400","19.400","19.100","58,50K","0,00%"
"24/11/2023","19.400","19.400","19.400","19.150","40,20K","0,00%"
"23/11/2023","19.400","19.400","19.450","19.200","79,10K","0,00%"
"22/11/2023","19.400","19.575","19.600","19.300","84,30K","-1,02%"
"21/11/2023","19.600","19.425","19.825","19.150","139,60K","0,77%"
"20/11/2023","19.450","19.125","19.500","18.925","90,90K","1,57%"
"17/11/2023","19.150","19.050","19.175","19.000","60,10K","0,39%"
"16/11/2023","19.075","18.725","19.125","18.725","79,60K","2,01%"
"15/11/2023","18.700","19.200","19.200","18.700","166,10K","-2,60%"
"14/11/2023","19.200","19.175","19.200","18.950","61,50K","0,13%"
"13/11/2023","19.175","18.850","19.325","18.600","76,50K","1,72%"
"10/11/2023","18.850","18.650","18.975","18.650","52,20K","1,07%"
"09/11/2023","18.650","18.775","18.800","18.625","42,10K","-0,67%"
"08/11/2023","18.775","18.800","18.875","18.475","56,50K","0,00%"
"07/11/2023","18.775","18.700","18.925","18.475","72,70K","0,40%"
"06/11/2023","18.700","18.675","18.900","18.300","106,40K","0,13%"
"03/11/2023","18.675","18.500","18.900","18.125","157,30K","0,95%"
"02/11/2023","18.500","18.175","18.500","18.000","73,20K","1,79%"
"01/11/2023","18.175","18.225","18.700","17.700","272,60K","-0,27%"
"31/10/2023","18.225","18.350","18.350","18.150","119,60K","-0,68%"
"30/10/2023","18.350","19.000","19.000","18.350","344,90K","-3,42%"
"27/10/2023","19.000","19.050","19.200","18.800","92,60K","-1,04%"
"26/10/2023","19.200","19.250","19.250","18.800","75,20K","-0,26%"
"25/10/2023","19.250","19.050","19.500","19.000","164,30K","1,18%"
"24/10/2023","19.025","18.775","19.025","18.525","67,40K","1,20%"
"23/10/2023","18.800","19.750","19.750","18.550","144,40K","-4,81%"
"20/10/2023","19.750","19.875","19.900","19.300","259,40K","-0,88%"
"19/10/2023","19.925","20.000","20.000","19.250","332,50K","-0,38%"
"18/10/2023","20.000","19.500","20.250","19.250","833,40K","2,30%"
"17/10/2023","19.550","18.700","19.825","18.700","558,10K","4,55%"
"16/10/2023","18.700","18.425","18.750","18.400","81,50K","0,81%"
"13/10/2023","18.550","18.350","18.600","18.350","84,80K","0,00%"
"12/10/2023","18.550","18.500","18.575","18.350","23,60K","0,13%"
"11/10/2023","18.525","18.475","18.600","18.300","97,50K","0,27%"
"10/10/2023","18.475","18.375","18.500","18.200","23,40K","0,41%"
"09/10/2023","18.400","18.325","18.425","18.175","102,80K","0,41%"
"06/10/2023","18.325","18.300","18.325","18.225","64,20K","0,00%"
"05/10/2023","18.325","18.150","18.475","18.150","69,70K","0,83%"
"04/10/2023","18.175","18.225","18.375","17.950","142,20K","-0,27%"
"03/10/2023","18.225","18.725","18.725","18.225","227,30K","-2,67%"
"02/10/2023","18.725","18.875","18.950","18.700","104,70K","-0,79%"
"29/09/2023","18.875","19.000","19.050","18.800","42,70K","-0,92%"
"27/09/2023","19.050","18.850","19.050","18.775","61,50K","0,93%"
"26/09/2023","18.875","18.950","19.050","18.700","143,70K","-0,92%"
"25/09/2023","19.050","19.000","19.175","18.950","55,70K","0,00%"
"22/09/2023","19.050","19.050","19.150","18.900","122,20K","0,00%"
"21/09/2023","19.050","18.900","19.200","18.725","109,30K","0,79%"
"20/09/2023","18.900","18.900","19.075","18.700","121,80K","0,00%"
"19/09/2023","18.900","19.300","19.300","18.525","179,30K","-2,07%"
"18/09/2023","19.300","19.225","19.450","19.100","118,60K","0,39%"
"15/09/2023","19.225","19.400","19.450","19.150","201,40K","-0,52%"
"14/09/2023","19.325","18.475","19.400","18.475","369,30K","4,46%"
"13/09/2023","18.500","18.500","18.700","18.150","125,60K","0,27%"
"12/09/2023","18.450","18.900","18.900","17.900","210,40K","-2,38%"
"11/09/2023","18.900","18.925","18.950","18.700","91,00K","-0,13%"
"08/09/2023","18.925","18.975","18.975","18.875","77,30K","-0,26%"
"07/09/2023","18.975","19.025","19.100","18.800","100,50K","0,40%"
"06/09/2023","18.900","18.800","19.000","18.675","199,60K","0,53%"
"05/09/2023","18.800","18.825","18.825","18.600","89,00K","0,00%"
"04/09/2023","18.800","18.800","18.875","18.575","119,20K","0,00%"
"01/09/2023","18.800","18.800","18.825","18.600","60,80K","0,13%"
"31/08/2023","18.775","18.800","18.900","18.500","122,50K","0,00%"
"30/08/2023","18.775","18.825","18.875","18.400","234,30K","-0,13%"
"29/08/2023","18.800","18.875","19.000","18.700","294,60K","0,13%"
"28/08/2023","18.775","18.650","18.800","18.650","106,60K","0,94%"
"25/08/2023","18.600","18.800","18.800","18.200","167,90K","-1,06%"
"24/08/2023","18.800","18.800","18.825","18.000","342,50K","0,00%"
"23/08/2023","18.800","18.575","19.475","18.575","602,50K","1,21%"
"22/08/2023","18.575","18.600","19.000","18.375","434,10K","0,00%"
"21/08/2023","18.575","17.800","18.800","17.700","383,80K","4,35%"
"18/08/2023","17.800","17.750","17.825","17.525","174,40K","0,28%"
"16/08/2023","17.750","17.750","17.925","17.525","164,60K","0,00%"
"15/08/2023","17.750","17.600","18.000","17.600","121,50K","1,00%"
"14/08/2023","17.575","17.750","17.800","17.300","186,20K","-0,99%"
"11/08/2023","17.750","18.075","18.200","17.625","200,80K","-1,80%"
"10/08/2023","18.075","17.475","18.075","17.475","343,10K","3,58%"
"09/08/2023","17.450","17.425","17.750","17.425","199,50K","0,14%"
"08/08/2023","17.425","17.375","17.850","17.325","327,10K","0,29%"
"07/08/2023","17.375","17.750","17.850","17.150","446,20K","-1,56%"
"04/08/2023","17.650","18.300","18.675","17.500","480,30K","-3,55%"
"03/08/2023","18.300","18.650","19.025","18.300","429,20K","-1,88%"
"02/08/2023","18.650","19.400","19.400","18.650","194,90K","-3,87%"
"01/08/2023","19.400","19.850","19.850","19.000","314,30K","-2,27%"
"31/07/2023","19.850","19.825","20.000","19.700","220,00K","0,13%"
"28/07/2023","19.825","20.650","20.650","19.775","500,20K","-4,23%"
"27/07/2023","20.700","20.975","21.025","20.500","325,40K","-1,31%"
"26/07/2023","20.975","20.800","21.900","20.600","731,40K","0,84%"
"25/07/2023","20.800","19.700","21.000","19.675","637,60K","5,85%"
"24/07/2023","19.650","18.775","20.000","18.750","636,80K","4,94%"
"21/07/2023","18.725","18.725","18.900","18.700","156,60K","0,13%"
"20/07/2023","18.700","18.700","18.900","18.500","156,70K","0,54%"
"18/07/2023","18.600","18.775","19.200","17.875","395,10K","-0,53%"
"17/07/2023","18.700","18.800","19.700","18.450","548,50K","-0,53%"
"14/07/2023","18.800","18.225","18.900","18.050","460,60K","4,44%"
"13/07/2023","18.000","17.400","18.500","17.225","399,40K","2,86%"
"12/07/2023","17.500","17.700","17.700","17.000","374,60K","-1,13%"
"11/07/2023","17.700","16.325","17.700","16.325","423,60K","8,26%"
"10/07/2023","16.350","16.175","16.400","15.900","131,30K","1,08%"
"07/07/2023","16.175","16.000","16.375","15.875","233,00K","1,09%"
"06/07/2023","16.000","15.500","16.300","15.475","276,40K","3,23%"
"05/07/2023","15.500","15.600","15.650","15.300","109,50K","0,16%"
"04/07/2023","15.475","15.650","15.750","15.400","115,00K","-1,12%"
"03/07/2023","15.650","15.550","15.750","15.450","184,50K","0,97%"
"27/06/2023","15.500","16.000","16.000","15.500","218,20K","-3,13%"
"26/06/2023","16.000","15.400","16.000","15.100","309,10K","3,90%"
"23/06/2023","15.400","15.225","15.400","15.075","232,50K","1,15%"
"22/06/2023","15.225","15.200","15.450","15.200","54,00K","0,16%"
"21/06/2023","15.200","15.200","15.300","14.750","363,00K","0,50%"
"20/06/2023","15.125","15.250","15.400","14.875","161,10K","-0,82%"
"19/06/2023","15.250","15.350","15.800","15.250","145,10K","-0,49%"
"16/06/2023","15.325","16.000","16.200","15.325","457,30K","-3,31%"
"15/06/2023","15.850","15.725","16.050","15.225","283,80K","0,96%"
"14/06/2023","15.700","16.200","16.450","15.250","469,00K","-2,48%"
"13/06/2023","16.100","15.750","16.625","15.750","699,40K","2,22%"
"12/06/2023","15.750","14.200","15.800","14.200","620,40K","10,92%"
"09/06/2023","14.200","13.625","14.250","13.625","309,00K","4,60%"
"08/06/2023","13.575","13.400","13.700","13.325","233,80K","1,31%"
"07/06/2023","13.400","13.450","14.200","13.200","977,40K","0,00%"
"06/06/2023","13.400","14.725","15.725","13.400","1,46M","-9,00%"
"05/06/2023","14.725","15.000","15.450","13.950","791,10K","-1,83%"
"31/05/2023","15.000","16.075","16.100","14.950","882,10K","-6,69%"
"30/05/2023","16.075","17.275","17.475","16.075","462,40K","-6,95%"
"29/05/2023","17.275","18.200","18.200","17.275","413,60K","-4,82%"
"26/05/2023","18.150","18.875","18.875","18.150","286,70K","-3,97%"
"25/05/2023","18.900","18.900","19.000","18.725","189,80K","-0,66%"
"24/05/2023","19.025","19.175","19.200","19.000","104,00K","-0,39%"
"23/05/2023","19.100","19.000","19.200","19.000","102,60K","0,66%"
"22/05/2023","18.975","18.825","19.125","18.750","97,20K","0,40%"
"19/05/2023","18.900","18.900","19.050","18.650","152,50K","0,00%"
"17/05/2023","18.900","19.150","19.325","18.750","170,60K","-1,31%"
"16/05/2023","19.150","18.875","19.375","18.525","165,50K","1,46%"
"15/05/2023","18.875","19.425","19.475","18.575","254,30K","-2,83%"
"12/05/2023","19.425","19.900","20.100","19.425","231,50K","-2,39%"
"11/05/2023","19.900","20.400","20.400","19.850","266,50K","-2,45%"
"10/05/2023","20.400","20.500","20.650","20.200","212,80K","0,25%"
"09/05/2023","20.350","20.675","20.675","20.350","148,50K","-1,57%"
"08/05/2023","20.675","20.700","20.800","20.275","215,20K","0,00%"
"05/05/2023","20.675","21.150","21.200","20.525","224,30K","-2,48%"
"04/05/2023","21.200","20.750","21.250","20.150","273,30K","1,92%"
"03/05/2023","20.800","21.225","21.400","20.800","325,90K","-2,00%"
"02/05/2023","21.225","21.625","21.825","20.825","337,00K","-1,28%"
"28/04/2023","21.500","22.950","23.000","21.350","829,40K","-6,32%"
"27/04/2023","22.950","21.425","23.800","21.350","1,37M","7,49%"
"26/04/2023","21.350","20.800","21.475","20.600","470,10K","2,64%"
"18/04/2023","20.800","20.500","20.900","20.300","274,00K","1,46%"
"17/04/2023","20.500","20.150","20.500","20.000","160,90K","1,74%"
"14/04/2023","20.150","20.100","20.300","19.500","162,00K","0,25%"
"13/04/2023","20.100","20.750","20.800","19.600","457,80K","-3,37%"
"12/04/2023","20.800","21.500","21.500","20.675","283,00K","-3,26%"
"11/04/2023","21.500","21.475","21.500","20.275","428,20K","0,00%"
"10/04/2023","21.500","21.500","21.725","21.300","163,60K","0,00%"
"06/04/2023","21.500","21.650","21.750","21.300","243,90K","-0,69%"
"05/04/2023","21.650","21.500","21.650","21.200","196,30K","0,70%"
"04/04/2023","21.500","21.000","21.725","20.825","612,10K","2,87%"
"03/04/2023","20.900","20.775","20.900","20.650","307,40K","0,60%"
"31/03/2023","20.775","20.750","20.900","20.100","440,30K","0,12%"
"30/03/2023","20.750","19.900","20.925","19.850","727,30K","4,27%"
"29/03/2023","19.900","19.400","20.000","19.400","565,00K","2,58%"
"28/03/2023","19.400","19.250","19.450","19.100","274,50K","0,65%"
"27/03/2023","19.275","19.500","19.550","19.250","142,70K","-0,90%"
"24/03/2023","19.450","19.400","19.500","19.325","254,60K","0,26%"
"21/03/2023","19.400","19.425","19.425","19.075","161,50K","0,26%"
"20/03/2023","19.350","19.725","19.725","19.225","203,20K","-1,90%"
"17/03/2023","19.725","19.000","19.775","18.900","682,50K","3,27%"
"16/03/2023","19.100","19.200","19.200","18.600","221,30K","-0,52%"
"15/03/2023","19.200","19.175","19.300","18.950","203,40K","0,00%"
"14/03/2023","19.200","19.550","19.600","18.825","397,70K","-1,79%"
"13/03/2023","19.550","18.600","20.250","18.400","657,80K","4,83%"
"10/03/2023","18.650","18.675","18.700","18.450","136,20K","-0,13%"
"09/03/2023","18.675","18.575","18.700","18.375","147,10K","0,54%"
"08/03/2023","18.575","18.600","18.600","18.350","131,50K","-0,13%"
"07/03/2023","18.600","18.800","18.800","18.300","249,20K","-1,06%"
"06/03/2023","18.800","18.950","19.000","17.625","489,90K","-0,79%"
"03/03/2023","18.950","19.050","19.050","18.825","169,60K","0,13%"
"02/03/2023","18.925","18.750","18.950","18.750","102,60K","0,93%"
"01/03/2023","18.750","19.200","19.300","18.300","377,70K","-2,34%"
"28/02/2023","19.200","19.000","19.200","19.000","420,70K","1,19%"
"27/02/2023","18.975","18.825","19.200","18.825","290,60K","0,93%"
"24/02/2023","18.800","18.725","18.850","18.500","174,80K","0,53%"
"23/02/2023","18.700","18.575","18.775","18.375","312,20K","0,67%"
"22/02/2023","18.575","18.525","18.675","18.250","365,60K","0,54%"
"21/02/2023","18.475","18.300","18.750","18.300","321,40K","0,96%"
"20/02/2023","18.300","18.550","18.575","18.100","228,40K","-1,48%"
"17/02/2023","18.575","18.750","18.750","18.500","245,90K","-1,07%"
"16/02/2023","18.775","18.750","18.800","18.325","444,60K","0,13%"
"15/02/2023","18.750","18.900","19.025","18.675","337,40K","-0,79%"
"14/02/2023","18.900","18.900","18.950","18.675","375,90K","0,00%"
"13/02/2023","18.900","18.850","19.250","18.775","442,40K","0,27%"
"10/02/2023","18.850","19.100","19.225","18.850","318,00K","-1,95%"
"09/02/2023","19.225","19.175","19.375","19.050","217,40K","0,26%"
"08/02/2023","19.175","19.525","19.800","19.000","633,90K","-1,16%"
"07/02/2023","19.400","18.900","19.575","18.750","585,30K","3,47%"
"06/02/2023","18.750","18.800","19.000","18.025","592,10K","-1,32%"
"03/02/2023","19.000","19.875","19.900","18.525","1,29M","-4,52%"
"02/02/2023","19.900","19.850","20.000","19.500","620,30K","0,13%"
"01/02/2023","19.875","20.100","20.100","19.850","390,00K","-1,12%"
"31/01/2023","20.100","20.025","20.150","19.900","547,80K","0,37%"
"30/01/2023","20.025","20.025","20.475","20.000","305,00K","0,13%"
"27/01/2023","20.000","20.000","20.400","19.875","844,30K","0,13%"
"26/01/2023","19.975","20.850","20.850","19.800","1,71M","-4,43%"
"25/01/2023","20.900","20.975","21.050","20.500","568,70K","-0,36%"
"24/01/2023","20.975","21.800","22.300","20.700","1,02M","-3,23%"
"20/01/2023","21.675","19.950","22.025","19.950","1,63M","7,97%"
"19/01/2023","20.075","20.075","20.150","19.900","499,10K","0,00%"
"18/01/2023","20.075","20.000","20.250","19.900","690,80K","0,88%"
"17/01/2023","19.900","20.100","20.150","19.900","574,80K","-1,00%"
"16/01/2023","20.100","20.250","20.250","19.800","691,10K","-0,25%"
"13/01/2023","20.150","20.000","20.700","20.000","681,80K","1,13%"
"12/01/2023","19.925","20.650","20.725","19.675","1,06M","-3,51%"
"11/01/2023","20.650","20.675","21.050","20.500","571,70K","0,00%"
"10/01/2023","20.650","20.375","20.700","19.975","521,80K","1,60%"
"09/01/2023","20.325","20.675","21.300","20.025","997,70K","-1,22%"
"06/01/2023","20.575","19.975","21.550","19.825","1,29M","3,00%"
"05/01/2023","19.975","21.125","21.250","19.800","2,50M","-5,44%"
"04/01/2023","21.125","21.450","21.450","21.100","624,00K","-0,82%"
"03/01/2023","21.300","21.300","21.675","21.175","814,40K","0,24%"
"02/01/2023","21.250","21.000","21.775","20.875","1,14M","1,19%"
"30/12/2022","21.000","20.725","21.475","19.825","2,82M","1,33%"
"29/12/2022","20.725","21.775","22.775","20.275","4,60M","-4,82%"
"28/12/2022","21.775","23.550","24.800","21.775","5,15M","-6,94%"
"27/12/2022","23.400","20.625","24.325","20.625","7,52M","13,73%"
"26/12/2022","20.575","18.550","21.700","18.500","2,82M","10,77%"
"23/12/2022","18.575","18.000","18.850","17.650","1,99M","2,91%"
"22/12/2022","18.050","18.500","18.650","17.450","2,30M","-2,17%"
"21/12/2022","18.450","16.325","18.500","16.300","3,53M","13,19%"
"20/12/2022","16.300","14.000","16.950","13.750","2,91M","15,19%"
"19/12/2022","14.150","14.000","14.350","13.600","1,11M","1,43%"
"16/12/2022","13.950","13.175","13.950","13.000","680,50K","5,88%"
"15/12/2022","13.175","13.350","13.350","13.000","275,10K","-0,94%"
"14/12/2022","13.300","13.250","13.625","13.175","948,80K","0,95%"
"13/12/2022","13.175","13.025","13.950","13.000","956,10K","1,35%"
"12/12/2022","13.000","13.450","13.600","12.625","1,24M","-4,06%"
"09/12/2022","13.550","14.550","14.700","13.550","1,32M","-6,87%"
"08/12/2022","14.550","15.300","15.550","14.175","1,29M","-4,43%"
"07/12/2022","15.225","14.900","15.800","14.600","1,59M","4,10%"
"06/12/2022","14.625","13.600","16.275","13.575","3,48M","7,73%"
"05/12/2022","13.575","11.700","13.575","11.550","1,66M","19,87%"
"02/12/2022","11.325","9.675","11.325","9.425","2,04M","19,84%"
"01/12/2022","9.450","9.310","9.700","9.310","262,00K","1,50%"
"30/11/2022","9.310","9.240","9.313","9.240","34,00K","0,81%"
"29/11/2022","9.235","9.315","9.500","9.235","108,00K","-0,86%"
"28/11/2022","9.315","9.145","9.500","9.145","113,00K","1,86%"
"25/11/2022","9.145","9.300","9.300","9.113","67,00K","-1,67%"
"24/11/2022","9.300","9.438","9.700","9.125","247,00K","-1,59%"
"23/11/2022","9.450","9.255","9.700","9.255","488,00K","2,11%"
"22/11/2022","9.255","9.200","9.750","9.200","624,00K","0,60%"
"21/11/2022","9.200","8.655","9.450","8.655","517,00K","6,60%"
"18/11/2022","8.630","8.390","8.900","8.273","329,00K","2,77%"
"17/11/2022","8.398","7.598","8.470","7.595","286,00K","10,53%"
"16/11/2022","7.598","7.350","7.688","7.350","224,00K","3,37%"
"15/11/2022","7.350","7.305","7.398","7.305","96,00K","0,62%"
"14/11/2022","7.305","7.310","7.320","7.305","357,00K","-0,07%"
"11/11/2022","7.310","7.233","7.310","7.230","145,00K","1,11%"
"10/11/2022","7.230","7.233","7.233","7.210","538,00K","-0,03%"
"09/11/2022","7.233","7.258","7.258","7.230","132,00K","-0,34%"
"08/11/2022","7.258","7.330","7.350","7.255","116,00K","-0,99%"
"07/11/2022","7.330","7.315","7.330","7.210","157,00K","0,55%"
"04/11/2022","7.290","7.290","7.290","7.280","110,00K","0,00%"
"03/11/2022","7.290","7.263","7.298","7.188","171,00K","0,38%"
"02/11/2022","7.263","7.300","7.303","7.263","78,00K","-0,51%"
"01/11/2022","7.300","7.350","7.363","7.280","198,00K","-0,68%"
"31/10/2022","7.350","7.280","7.400","7.280","213,00K","1,94%"
"28/10/2022","7.210","7.078","7.255","7.078","280,00K","1,87%"
"27/10/2022","7.078","7.100","7.210","7.078","424,00K","-0,25%"
"26/10/2022","7.095","7.080","7.130","7.075","165,00K","0,64%"
"25/10/2022","7.050","7.018","7.250","7.018","147,00K","0,46%"
"24/10/2022","7.018","7.100","7.100","7.015","50,00K","-1,16%"
"21/10/2022","7.100","7.120","7.120","7.100","169,00K","-0,28%"
"20/10/2022","7.120","7.180","7.185","7.120","71,00K","-0,94%"
"19/10/2022","7.188","7.258","7.258","7.100","196,00K","-0,96%"
"18/10/2022","7.258","7.263","7.270","7.250","333,00K","-0,03%"
"17/10/2022","7.260","7.290","7.290","7.210","223,00K","0,38%"
"14/10/2022","7.233","7.293","7.450","7.153","244,00K","-0,82%"
"13/10/2022","7.293","7.095","7.350","7.075","303,00K","2,78%"
"12/10/2022","7.095","6.880","8.000","6.880","448,00K","3,16%"
"11/10/2022","6.878","6.820","6.880","6.793","388,00K","0,73%"
"10/10/2022","6.828","6.770","6.840","6.768","273,00K","0,85%"
"07/10/2022","6.770","6.730","6.788","6.688","297,00K","0,59%"
"06/10/2022","6.730","6.720","6.750","6.655","338,00K","0,15%"
"05/10/2022","6.720","6.685","6.810","6.683","301,00K","0,52%"
"04/10/2022","6.685","6.613","6.700","6.598","332,00K","1,10%"
"03/10/2022","6.613","6.700","6.700","6.600","173,00K","-1,31%"
"30/09/2022","6.700","6.600","6.700","6.553","192,00K","1,52%"
"29/09/2022","6.600","6.698","6.700","6.600","221,00K","-1,46%"
"28/09/2022","6.698","6.550","6.700","6.550","71,00K","2,25%"
"27/09/2022","6.550","6.650","6.690","6.550","480,00K","0,00%"
"26/09/2022","6.550","6.550","6.650","6.540","225,00K","0,15%"
"23/09/2022","6.540","6.573","6.580","6.538","144,00K","-0,46%"
"22/09/2022","6.570","6.525","6.765","6.500","185,00K","0,61%"
"21/09/2022","6.530","6.523","6.530","6.510","96,00K","0,11%"
"20/09/2022","6.523","6.615","6.615","6.523","30,00K","-1,40%"
"19/09/2022","6.615","6.620","6.653","6.500","178,00K","-0,08%"
"16/09/2022","6.620","6.898","6.898","6.510","122,00K","-0,08%"
"15/09/2022","6.625","6.538","6.648","6.538","167,00K","1,30%"
"14/09/2022","6.540","6.650","6.660","6.538","80,00K","-1,65%"
"13/09/2022","6.650","6.535","6.650","6.535","39,00K","1,80%"
"12/09/2022","6.533","6.600","6.600","6.533","113,00K","-0,99%"
"09/09/2022","6.598","6.603","6.603","6.550","83,00K","-0,08%"
"08/09/2022","6.603","6.705","6.705","6.603","89,00K","-1,53%"
"07/09/2022","6.705","6.800","6.810","6.700","70,00K","-1,40%"
"06/09/2022","6.800","6.778","6.820","6.608","117,00K","1,49%"
"05/09/2022","6.700","6.645","6.748","6.645","278,00K","0,83%"
"02/09/2022","6.645","6.538","6.645","6.500","155,00K","1,64%"
"01/09/2022","6.538","6.363","6.613","6.363","96,00K","2,75%"
"31/08/2022","6.363","6.355","6.395","6.355","23,00K","0,12%"
"30/08/2022","6.355","6.415","6.415","6.350","130,00K","-0,94%"
"29/08/2022","6.415","6.500","6.500","6.415","15,00K","-1,31%"
"26/08/2022","6.500","6.540","6.540","6.500","34,00K","-0,73%"
"25/08/2022","6.548","6.648","6.648","6.548","35,00K","-1,50%"
"24/08/2022","6.648","6.418","6.700","6.300","361,00K","3,58%"
"23/08/2022","6.418","6.508","6.508","6.400","245,00K","-1,38%"
"22/08/2022","6.508","6.580","6.580","6.508","90,00K","-1,10%"
"19/08/2022","6.580","6.585","6.585","6.558","94,00K","0,00%"
"18/08/2022","6.580","6.580","6.600","6.580","25,00K","0,00%"
"16/08/2022","6.580","6.605","6.605","6.580","88,00K","-0,34%"
"15/08/2022","6.603","6.610","6.610","6.600","113,00K","-0,11%"
"12/08/2022","6.610","6.650","6.750","6.605","104,00K","0,00%"
"11/08/2022","6.610","6.610","6.650","6.610","69,00K","0,00%"
"10/08/2022","6.610","6.650","6.655","6.610","106,00K","-0,60%"
"09/08/2022","6.650","6.650","6.653","6.608","194,00K","0,00%"
"08/08/2022","6.650","6.600","6.650","6.600","222,00K","0,61%"
"05/08/2022","6.610","6.598","6.623","6.598","188,00K","0,15%"
"04/08/2022","6.600","6.700","6.720","6.600","356,00K","-1,49%"
"03/08/2022","6.700","6.710","6.710","6.643","265,00K","-0,15%"
"02/08/2022","6.710","6.810","6.810","6.700","98,00K","-1,47%"
"01/08/2022","6.810","6.798","6.890","6.640","165,00K","0,18%"
"29/07/2022","6.798","6.800","6.890","6.740","161,00K","-0,04%"
"28/07/2022","6.800","6.698","6.850","6.670","138,00K","1,61%"
"27/07/2022","6.693","6.605","6.700","6.605","157,00K","1,32%"
"26/07/2022","6.605","6.618","6.618","6.600","62,00K","-0,19%"
"25/07/2022","6.618","6.610","6.650","6.600","173,00K","0,11%"
"22/07/2022","6.610","6.623","6.645","6.600","184,00K","-0,19%"
"21/07/2022","6.623","6.618","6.658","6.615","84,00K","0,00%"
"20/07/2022","6.623","6.643","6.750","6.615","191,00K","0,11%"
"19/07/2022","6.615","6.630","6.873","6.600","302,00K","0,00%"
"18/07/2022","6.615","7.113","7.113","6.615","782,00K","-6,99%"
"15/07/2022","7.113","7.238","7.238","7.050","98,00K","-1,69%"
"14/07/2022","7.235","7.100","7.240","7.088","120,00K","1,90%"
"13/07/2022","7.100","7.200","7.398","7.050","517,00K","-1,39%"
"12/07/2022","7.200","7.350","7.500","6.983","452,00K","-0,69%"
"11/07/2022","7.250","7.045","7.600","7.045","433,00K","2,91%"
"08/07/2022","7.045","7.325","7.330","6.948","376,00K","-3,82%"
"07/07/2022","7.325","7.638","7.638","7.300","378,00K","-4,09%"
"06/07/2022","7.638","8.050","8.200","7.500","327,00K","-4,53%"
"05/07/2022","8.000","8.000","8.500","7.950","556,00K","0,63%"
"04/07/2022","7.950","7.880","7.990","7.520","730,00K","0,89%"
"01/07/2022","7.880","7.798","8.170","7.795","521,00K","1,09%"
"30/06/2022","7.795","7.600","8.000","7.560","598,00K","3,93%"
"29/06/2022","7.500","7.093","7.600","7.080","452,00K","5,75%"
"28/06/2022","7.093","6.493","7.123","6.490","656,00K","9,28%"
"27/06/2022","6.490","6.425","6.500","6.380","282,00K","1,09%"
"24/06/2022","6.420","6.400","6.500","6.398","168,00K","0,31%"
"23/06/2022","6.400","6.405","6.480","6.298","534,00K","-0,08%"
"22/06/2022","6.405","6.425","6.500","6.375","979,00K","-0,27%"
"21/06/2022","6.423","6.340","6.500","6.340","553,00K","1,30%"
"20/06/2022","6.340","6.483","6.483","6.338","287,00K","-2,20%"
"17/06/2022","6.483","6.438","6.500","6.178","808,00K","0,70%"
"16/06/2022","6.438","6.270","6.450","5.990","1,07M","2,34%"
"15/06/2022","6.290","6.653","6.653","6.290","336,00K","-5,80%"
"14/06/2022","6.678","6.678","6.695","6.498","538,00K","0,00%"
"13/06/2022","6.678","6.600","6.900","6.560","1,12M","1,17%"
"10/06/2022","6.600","5.945","6.700","5.945","832,00K","12,05%"
"09/06/2022","5.890","5.495","6.200","5.490","855,00K","7,19%"
"08/06/2022","5.495","5.438","6.000","5.438","370,00K","1,06%"
"07/06/2022","5.438","5.430","5.450","5.420","402,00K","0,00%"
"06/06/2022","5.438","5.450","5.450","5.433","207,00K","-0,23%"
"03/06/2022","5.450","5.440","5.455","5.393","1,09M","0,60%"
"02/06/2022","5.418","5.378","5.500","5.375","447,00K","0,74%"
"31/05/2022","5.378","5.288","5.680","5.285","245,00K","1,65%"
"30/05/2022","5.290","5.440","5.500","5.180","702,00K","-2,76%"
"27/05/2022","5.440","5.300","6.000","5.225","1,41M","3,03%"
"25/05/2022","5.280","5.178","5.290","5.178","632,00K","1,98%"
"24/05/2022","5.178","5.250","5.350","5.063","818,00K","-0,96%"
"23/05/2022","5.228","4.655","5.300","4.655","1,54M","12,54%"
"20/05/2022","4.645","4.548","4.700","4.540","563,00K","2,20%"
"19/05/2022","4.545","4.600","4.670","4.543","322,00K","-1,20%"
"18/05/2022","4.600","4.600","4.700","4.598","467,00K","0,00%"
"17/05/2022","4.600","4.530","4.600","4.520","436,00K","1,77%"
"13/05/2022","4.520","4.450","4.600","4.450","288,00K","1,57%"
"12/05/2022","4.450","4.800","4.800","4.450","976,00K","-4,09%"
"11/05/2022","4.640","4.500","4.700","4.500","485,00K","3,11%"
"10/05/2022","4.500","4.738","4.985","4.500","1,21M","-5,01%"
"09/05/2022","4.738","4.260","4.775","4.250","712,00K","11,47%"
"28/04/2022","4.250","4.225","4.280","4.195","401,00K","1,19%"
"27/04/2022","4.200","4.200","4.298","4.195","222,00K","0,00%"
"26/04/2022","4.200","4.150","4.333","4.150","235,00K","1,20%"
"25/04/2022","4.150","4.233","4.233","4.145","163,00K","-1,89%"
"22/04/2022","4.230","4.223","4.243","4.200","131,00K","0,24%"
"21/04/2022","4.220","4.318","4.335","4.200","153,00K","-2,26%"
"20/04/2022","4.318","4.300","4.338","4.220","247,00K","1,59%"
"19/04/2022","4.250","4.310","4.310","4.225","97,00K","-1,16%"
"18/04/2022","4.300","4.325","4.325","4.288","308,00K","-0,46%"
"14/04/2022","4.320","4.300","4.350","4.210","291,00K","0,47%"
"13/04/2022","4.300","4.278","4.300","4.198","222,00K","0,53%"
"12/04/2022","4.278","4.400","4.400","4.210","301,00K","-2,73%"
"11/04/2022","4.398","4.385","4.440","4.380","284,00K","0,51%"
"08/04/2022","4.375","4.308","4.378","4.305","159,00K","1,57%"
"07/04/2022","4.308","4.308","4.388","4.295","208,00K","0,17%"
"06/04/2022","4.300","4.300","4.388","4.300","231,00K","0,00%"
"05/04/2022","4.300","4.380","4.380","4.280","54,00K","-1,83%"
"04/04/2022","4.380","4.350","4.390","4.300","337,00K","0,69%"
"01/04/2022","4.350","4.340","4.350","4.308","372,00K","0,35%"
"31/03/2022","4.335","4.173","4.350","4.173","1,06M","3,89%"
"30/03/2022","4.173","4.195","4.200","4.150","41,00K","-0,54%"
"29/03/2022","4.195","4.198","4.200","4.175","195,00K","-0,06%"
"28/03/2022","4.198","4.198","4.200","4.193","208,00K","0,00%"
"25/03/2022","4.198","4.163","4.200","4.140","238,00K","0,84%"
"24/03/2022","4.163","4.198","4.200","4.158","261,00K","-0,83%"
"23/03/2022","4.198","4.200","4.200","4.175","346,00K","-0,06%"
"22/03/2022","4.200","4.140","4.200","4.105","399,00K","1,45%"
"21/03/2022","4.140","4.198","4.200","4.115","133,00K","-1,37%"
"18/03/2022","4.198","4.065","4.200","4.000","614,00K","2,63%"
"17/03/2022","4.090","3.998","4.100","3.890","404,00K","2,25%"
"16/03/2022","4.000","4.035","4.198","3.993","451,00K","-0,68%"
"15/03/2022","4.028","4.018","4.150","3.935","566,00K","0,25%"
"14/03/2022","4.018","4.050","4.085","3.933","335,00K","0,19%"
"11/03/2022","4.010","4.223","4.390","4.010","610,00K","-5,59%"
"10/03/2022","4.248","4.440","4.493","4.230","860,00K","-4,50%"
"09/03/2022","4.448","4.350","4.500","4.345","549,00K","2,24%"
"08/03/2022","4.350","4.295","4.400","4.265","850,00K","1,28%"
"07/03/2022","4.295","4.180","4.488","4.180","912,00K","2,94%"
"04/03/2022","4.173","3.895","4.293","3.895","1,01M","7,12%"
"02/03/2022","3.895","3.793","3.900","3.793","567,00K","3,73%"
"01/03/2022","3.755","3.780","3.850","3.753","539,00K","0,00%"
"25/02/2022","3.755","3.710","3.778","3.705","451,00K","1,49%"
"24/02/2022","3.700","3.700","3.753","3.638","947,00K","0,00%"
"23/02/2022","3.700","3.600","3.925","3.600","832,00K","2,78%"
"22/02/2022","3.600","3.538","3.670","3.533","484,00K","1,77%"
"21/02/2022","3.538","3.550","3.575","3.538","492,00K","0,00%"
"18/02/2022","3.538","3.560","3.560","3.533","297,00K","-0,63%"
"17/02/2022","3.560","3.600","3.600","3.560","230,00K","-0,77%"
"16/02/2022","3.588","3.588","3.600","3.585","68,00K","-0,07%"
"15/02/2022","3.590","3.645","3.648","3.565","151,00K","-1,51%"
"14/02/2022","3.645","3.600","3.748","3.575","301,00K","1,25%"
"11/02/2022","3.600","3.650","3.673","3.600","307,00K","-2,44%"
"10/02/2022","3.690","3.750","3.750","3.675","210,00K","-1,60%"
"09/02/2022","3.750","3.698","3.785","3.678","473,00K","1,42%"
"08/02/2022","3.698","3.813","3.813","3.650","352,00K","-2,95%"
"07/02/2022","3.810","3.750","3.970","3.700","439,00K","2,08%"
"04/02/2022","3.733","3.550","3.750","3.550","516,00K","5,14%"
"03/02/2022","3.550","3.630","3.630","3.535","185,00K","-2,20%"
"02/02/2022","3.630","3.680","3.680","3.523","246,00K","-1,36%"
"31/01/2022","3.680","3.545","3.700","3.533","497,00K","0,34%"
"28/01/2022","3.668","3.790","3.900","3.605","1,20M","-3,23%"
"27/01/2022","3.790","3.675","3.900","3.675","569,00K","3,13%"
"26/01/2022","3.675","3.693","3.718","3.650","1,14M","-0,47%"
"25/01/2022","3.693","3.675","3.720","3.600","914,00K","0,48%"
"24/01/2022","3.675","3.543","3.680","3.500","1,07M","3,74%"
"21/01/2022","3.543","3.450","3.550","3.325","981,00K","2,02%"
"20/01/2022","3.473","3.288","3.500","3.250","1,14M","5,63%"
"19/01/2022","3.288","3.215","3.300","3.200","991,00K","2,26%"
"18/01/2022","3.215","3.193","3.350","3.175","519,00K","0,47%"
"17/01/2022","3.200","3.048","3.375","3.045","1,02M","5,00%"
"14/01/2022","3.048","2.950","3.050","2.890","1,19M","3,31%"
"13/01/2022","2.950","2.865","2.950","2.710","604,00K","2,97%"
"12/01/2022","2.865","2.735","3.038","2.708","1,25M","4,75%"
"11/01/2022","2.735","2.628","2.735","2.615","497,00K","4,19%"
"10/01/2022","2.625","2.605","2.670","2.605","930,00K","0,00%"
"07/01/2022","2.625","2.650","2.660","2.620","1,59M","-0,19%"
"06/01/2022","2.630","2.640","2.698","2.623","782,00K","-0,47%"
"05/01/2022","2.643","2.650","2.653","2.625","632,00K","-0,28%"
"04/01/2022","2.650","2.620","2.650","2.580","1,09M","1,15%"
"03/01/2022","2.620","2.675","2.675","2.620","944,00K","-2,96%"
"30/12/2021","2.700","2.650","2.700","2.630","829,00K","1,89%"
"29/12/2021","2.650","2.660","2.675","2.635","337,00K","0,00%"
"28/12/2021","2.650","2.690","2.690","2.600","294,00K","-1,49%"
"27/12/2021","2.690","2.690","2.700","2.690","180,00K","0,00%"
"24/12/2021","2.690","2.658","2.690","2.648","494,00K","1,22%"
"23/12/2021","2.658","2.660","2.700","2.595","133,00K","-1,57%"
"22/12/2021","2.700","2.670","2.700","2.650","322,00K","1,12%"
"21/12/2021","2.670","2.700","2.700","2.638","313,00K","-1,11%"
"20/12/2021","2.700","2.703","2.740","2.665","794,00K","0,00%"
"17/12/2021","2.700","2.603","2.700","2.603","839,00K","3,85%"
"16/12/2021","2.600","2.640","2.643","2.600","260,00K","-1,52%"
"15/12/2021","2.640","2.658","2.658","2.638","520,00K","-0,56%"
"14/12/2021","2.655","2.653","2.670","2.620","622,00K","0,09%"
"13/12/2021","2.653","2.650","2.663","2.640","607,00K","0,09%"
"10/12/2021","2.650","2.590","2.650","2.585","604,00K","2,32%"
"09/12/2021","2.590","2.620","2.650","2.588","441,00K","-1,15%"
"08/12/2021","2.620","2.598","2.650","2.588","1,23M","0,87%"
"07/12/2021","2.598","2.680","2.723","2.598","864,00K","-2,17%"
"06/12/2021","2.655","2.720","2.825","2.650","719,00K","-2,39%"
"03/12/2021","2.720","2.748","2.750","2.683","1,08M","-1,72%"
"02/12/2021","2.768","2.750","2.800","2.660","811,00K","0,09%"
"01/12/2021","2.765","2.765","2.768","2.578","927,00K","0,00%"
"30/11/2021","2.765","2.635","2.890","2.618","781,00K","4,93%"
"29/11/2021","2.635","2.625","2.700","2.580","862,00K","0,38%"
"26/11/2021","2.625","2.635","2.640","2.578","973,00K","-0,38%"
"25/11/2021","2.635","2.640","2.640","2.615","238,00K","0,57%"
"24/11/2021","2.620","2.600","2.695","2.590","537,00K","0,77%"
"23/11/2021","2.600","2.600","2.603","2.590","717,00K","0,00%"
"22/11/2021","2.600","2.590","2.603","2.580","841,00K","0,00%"
"19/11/2021","2.600","2.590","2.600","2.580","306,00K","0,39%"
"18/11/2021","2.590","2.600","2.600","2.580","641,00K","-0,38%"
"17/11/2021","2.600","2.600","2.625","2.595","798,00K","0,10%"
"16/11/2021","2.598","2.580","2.600","2.580","791,00K","0,19%"
"15/11/2021","2.593","2.648","2.648","2.550","560,00K","-0,29%"
"12/11/2021","2.600","2.598","2.603","2.543","688,00K","0,10%"
"11/11/2021","2.598","2.583","2.600","2.580","901,00K","0,58%"
"10/11/2021","2.583","2.600","2.698","2.580","667,00K","-0,67%"
"09/11/2021","2.600","2.585","2.600","2.580","692,00K","0,68%"
"08/11/2021","2.583","2.605","2.605","2.580","514,00K","-0,67%"
"05/11/2021","2.600","2.598","2.620","2.595","255,00K","0,10%"
"04/11/2021","2.598","2.505","2.650","2.503","373,00K","5,70%"
"03/11/2021","2.458","2.405","2.480","2.350","685,00K","1,76%"
"02/11/2021","2.415","2.563","2.563","2.415","300,00K","-5,85%"
"01/11/2021","2.565","2.600","2.600","2.565","266,00K","-1,35%"
"29/10/2021","2.600","2.650","2.653","2.590","708,00K","-1,89%"
"28/10/2021","2.650","2.650","2.663","2.600","733,00K","0,00%"
"27/10/2021","2.650","2.660","2.663","2.645","357,00K","-0,38%"
"26/10/2021","2.660","2.650","2.755","2.650","832,00K","0,76%"
"25/10/2021","2.640","2.560","2.650","2.560","278,00K","3,53%"
"22/10/2021","2.550","2.628","2.628","2.460","594,00K","-2,95%"
"21/10/2021","2.628","2.770","2.770","2.625","677,00K","-5,14%"
"19/10/2021","2.770","2.805","2.805","2.760","485,00K","-1,25%"
"18/10/2021","2.805","2.835","2.840","2.740","970,00K","-1,06%"
"15/10/2021","2.835","2.843","2.858","2.835","1,41M","-0,18%"
"14/10/2021","2.840","2.828","2.878","2.828","1,59M","0,35%"
"13/10/2021","2.830","2.900","2.900","2.800","546,00K","-2,41%"
"12/10/2021","2.900","2.863","2.910","2.863","1,06M","1,40%"
"11/10/2021","2.860","2.880","2.895","2.850","767,00K","-0,35%"
"08/10/2021","2.870","2.900","2.905","2.840","1,39M","-1,03%"
"07/10/2021","2.900","2.875","2.905","2.758","2,65M","0,52%"
"06/10/2021","2.885","2.815","2.923","2.800","2,52M","3,22%"
"05/10/2021","2.795","2.750","2.970","2.750","3,76M","2,29%"
"04/10/2021","2.733","2.740","3.000","2.698","2,93M","-0,27%"
"01/10/2021","2.740","2.970","3.000","2.740","3,08M","-6,96%"
"30/09/2021","2.945","2.550","3.025","2.548","6,47M","15,94%"
"29/09/2021","2.540","2.145","2.555","2.135","8,15M","18,97%"
"28/09/2021","2.135","1.850","2.180","1.850","6,03M","16,67%"
"27/09/2021","1.830","1.750","1.838","1.750","2,34M","5,02%"
"24/09/2021","1.743","1.590","1.798","1.590","1,86M","9,59%"
"23/09/2021","1.590","1.530","1.650","1.530","541,00K","4,61%"
"22/09/2021","1.520","1.515","1.520","1.495","835,00K","0,16%"
"21/09/2021","1.518","1.485","1.518","1.480","445,00K","0,50%"
"20/09/2021","1.510","1.513","1.513","1.485","222,00K","-0,17%"
"17/09/2021","1.513","1.505","1.513","1.480","222,00K","0,33%"
"16/09/2021","1.508","1.520","1.520","1.495","210,00K","0,67%"
"15/09/2021","1.498","1.485","1.500","1.478","223,00K","1,35%"
"14/09/2021","1.478","1.465","1.490","1.465","159,00K","1,20%"
"13/09/2021","1.460","1.455","1.475","1.455","253,00K","0,69%"
"10/09/2021","1.450","1.410","1.450","1.410","106,00K","2,84%"
"09/09/2021","1.410","1.475","1.488","1.398","1,07M","-4,41%"
"08/09/2021","1.475","1.478","1.483","1.470","228,00K","0,00%"
"07/09/2021","1.475","1.480","1.483","1.470","293,00K","-0,17%"
"06/09/2021","1.478","1.500","1.500","1.478","572,00K","-0,17%"
"03/09/2021","1.480","1.480","1.520","1.478","1,65M","0,17%"
"02/09/2021","1.478","1.483","1.500","1.478","872,00K","-0,17%"
"01/09/2021","1.480","1.483","1.488","1.473","298,00K","-0,17%"
"31/08/2021","1.483","1.470","1.490","1.468","153,00K","0,85%"
"30/08/2021","1.470","1.480","1.495","1.470","460,00K","-0,84%"
"27/08/2021","1.483","1.493","1.493","1.480","301,00K","-1,17%"
"26/08/2021","1.500","1.500","1.500","1.480","1,17M","0,00%"
"25/08/2021","1.500","1.485","1.503","1.480","855,00K","1,18%"
"24/08/2021","1.483","1.500","1.500","1.483","1,05M","-1,17%"
"23/08/2021","1.500","1.493","1.508","1.480","1,53M","0,50%"
"20/08/2021","1.493","1.490","1.500","1.450","439,00K","-0,17%"
"19/08/2021","1.495","1.498","1.503","1.493","1,06M","-0,17%"
"18/08/2021","1.498","1.510","1.513","1.495","969,00K","-0,83%"
"16/08/2021","1.510","1.500","1.515","1.493","2,04M","0,67%"
"13/08/2021","1.500","1.508","1.525","1.495","1,63M","-0,50%"
"12/08/2021","1.508","1.500","1.508","1.483","2,78M","0,50%"
"10/08/2021","1.500","1.500","1.505","1.475","728,00K","0,17%"
"09/08/2021","1.498","1.495","1.510","1.480","2,42M","0,17%"
"06/08/2021","1.495","1.490","1.500","1.475","1,97M","0,34%"
"05/08/2021","1.490","1.495","1.510","1.478","2,71M","0,68%"
"04/08/2021","1.480","1.480","1.483","1.463","2,57M","1,02%"
"03/08/2021","1.465","1.440","1.493","1.435","2,09M","1,74%"
"02/08/2021","1.440","1.478","1.478","1.430","2,30M","0,00%"
"30/07/2021","1.440","1.470","1.480","1.425","1,07M","-0,69%"
"29/07/2021","1.450","1.415","1.450","1.408","1,88M","2,84%"
"28/07/2021","1.410","1.408","1.410","1.398","1,20M","0,53%"
"27/07/2021","1.403","1.400","1.410","1.390","2,17M","1,08%"
"26/07/2021","1.388","1.398","1.403","1.385","1,58M","0,18%"
"23/07/2021","1.385","1.393","1.400","1.373","1,34M","0,36%"
"22/07/2021","1.380","1.370","1.398","1.370","1,31M","0,36%"
"21/07/2021","1.375","1.375","1.408","1.368","1,08M","0,00%"
"19/07/2021","1.375","1.370","1.393","1.363","842,00K","0,92%"
"16/07/2021","1.363","1.350","1.373","1.350","795,00K","0,74%"
"15/07/2021","1.353","1.365","1.365","1.345","780,00K","0,19%"
"14/07/2021","1.350","1.383","1.383","1.350","791,00K","-0,55%"
"13/07/2021","1.358","1.375","1.375","1.358","848,00K","-0,73%"
"12/07/2021","1.368","1.378","1.390","1.365","1,32M","-0,73%"
"09/07/2021","1.378","1.378","1.378","1.353","783,00K","0,00%"
"08/07/2021","1.378","1.365","1.378","1.355","1,26M","-0,18%"
"07/07/2021","1.380","1.395","1.395","1.353","1,14M","-1,08%"
"06/07/2021","1.395","1.370","1.410","1.358","1,78M","2,57%"
"05/07/2021","1.360","1.360","1.373","1.358","693,00K","0,55%"
"02/07/2021","1.353","1.360","1.380","1.350","652,00K","-0,55%"
"01/07/2021","1.360","1.380","1.380","1.355","97,00K","0,00%"
"30/06/2021","1.360","1.385","1.385","1.358","118,00K","-0,37%"
"29/06/2021","1.365","1.380","1.398","1.363","483,00K","-1,09%"
"28/06/2021","1.380","1.383","1.410","1.375","323,00K","-0,18%"
"25/06/2021","1.383","1.408","1.410","1.380","1,02M","0,18%"
"24/06/2021","1.380","1.415","1.415","1.370","1,04M","-2,13%"
"23/06/2021","1.410","1.398","1.413","1.380","874,00K","2,17%"
"22/06/2021","1.380","1.408","1.410","1.373","1,23M","0,36%"
"21/06/2021","1.375","1.383","1.390","1.335","1,27M","-1,79%"
"18/06/2021","1.400","1.403","1.423","1.380","1,03M","-0,71%"
"17/06/2021","1.410","1.380","1.415","1.380","873,00K","0,71%"
"16/06/2021","1.400","1.393","1.405","1.363","1,14M","0,54%"
"15/06/2021","1.393","1.410","1.425","1.380","403,00K","-1,76%"
"14/06/2021","1.418","1.385","1.435","1.380","651,00K","2,35%"
"11/06/2021","1.385","1.385","1.445","1.380","1,38M","1,65%"
"10/06/2021","1.363","1.385","1.385","1.363","31,00K","0,18%"
"09/06/2021","1.360","1.363","1.385","1.360","368,00K","0,00%"
"08/06/2021","1.360","1.368","1.378","1.358","166,00K","-0,55%"
"07/06/2021","1.368","1.385","1.388","1.363","547,00K","-1,26%"
"04/06/2021","1.385","1.385","1.388","1.370","349,00K","0,18%"
"03/06/2021","1.383","1.415","1.420","1.380","1,32M","-2,30%"
"02/06/2021","1.415","1.413","1.450","1.345","1,03M","0,00%"
"31/05/2021","1.415","1.500","1.500","1.415","275,00K","-6,91%"
"28/05/2021","1.520","1.530","1.543","1.508","2,01M","0,16%"
"27/05/2021","1.518","1.518","1.573","1.515","2,20M","0,17%"
"25/05/2021","1.515","1.550","1.595","1.503","1,55M","-1,62%"
"24/05/2021","1.540","1.450","1.560","1.450","1,37M","6,94%"
"21/05/2021","1.440","1.405","1.455","1.405","892,00K","2,49%"
"20/05/2021","1.405","1.423","1.425","1.405","170,00K","-1,06%"
"19/05/2021","1.420","1.420","1.480","1.420","501,00K","0,00%"
"18/05/2021","1.420","1.435","1.435","1.415","562,00K","-0,18%"
"17/05/2021","1.423","1.423","1.448","1.420","495,00K","0,18%"
"11/05/2021","1.420","1.420","1.430","1.415","561,00K","-0,87%"
"10/05/2021","1.433","1.428","1.433","1.410","210,00K","0,17%"
"07/05/2021","1.430","1.415","1.430","1.415","462,00K","1,06%"
"06/05/2021","1.415","1.473","1.475","1.410","252,00K","-1,05%"
"05/05/2021","1.430","1.438","1.440","1.408","240,00K","0,00%"
"04/05/2021","1.430","1.470","1.470","1.405","859,00K","-2,72%"
"03/05/2021","1.470","1.455","1.480","1.410","330,00K","1,03%"
"30/04/2021","1.455","1.410","1.455","1.393","386,00K","3,19%"
"29/04/2021","1.410","1.450","1.458","1.410","366,00K","-2,76%"
"28/04/2021","1.450","1.500","1.518","1.430","477,00K","-3,33%"
"27/04/2021","1.500","1.315","1.600","1.315","541,00K","11,94%"
"26/04/2021","1.340","1.260","1.355","1.248","469,00K","5,51%"
"23/04/2021","1.270","1.250","1.270","1.243","190,00K","0,79%"
"22/04/2021","1.260","1.250","1.260","1.250","104,00K","0,40%"
"21/04/2021","1.255","1.208","1.255","1.200","148,00K","3,29%"
"20/04/2021","1.215","1.230","1.230","1.215","3,00K","-1,22%"
"19/04/2021","1.230","1.230","1.230","1.230","15,00K","0,00%"
"16/04/2021","1.230","1.250","1.250","1.230","22,00K","-1,60%"
"15/04/2021","1.250","1.203","1.250","1.200","147,00K","3,95%"
"14/04/2021","1.203","1.250","1.250","1.200","19,00K","-2,04%"
"13/04/2021","1.228","1.228","1.228","1.228","2,00K","0,00%"
"12/04/2021","1.228","1.240","1.240","1.228","9,00K","-1,01%"
"09/04/2021","1.240","1.250","1.250","1.240","12,00K","-0,80%"
"08/04/2021","1.250","1.250","1.250","1.250","8,00K","0,00%"
"07/04/2021","1.250","1.250","1.250","1.250","1,00K","-89,98%"
"05/04/2021","12.475","12.500","12.500","12.450","1,70K","-0,20%"
"01/04/2021","12.500","12.500","12.500","12.500","0,60K","0,20%"
"31/03/2021","12.475","12.475","12.475","12.475","1,30K","0,00%"
"29/03/2021","12.475","12.475","12.475","12.475","0,20K","0,00%"
"24/03/2021","12.475","12.475","12.475","12.475","3,00K","-0,20%"
"23/03/2021","12.500","12.500","12.500","12.500","0,60K","0,00%"
"22/03/2021","12.500","12.500","12.500","12.500","0,10K","0,00%"
"19/03/2021","12.500","12.600","12.650","12.500","4,40K","-2,34%"
"18/03/2021","12.800","12.975","13.000","12.800","0,50K","-1,35%"
"17/03/2021","12.975","12.975","12.975","12.975","0,50K","-0,19%"
"16/03/2021","13.000","13.000","13.000","13.000","0,10K","0,00%"
"15/03/2021","13.000","13.600","13.600","13.000","1,70K","-4,41%"
"12/03/2021","13.600","13.250","13.600","13.000","10,50K","4,62%"
"10/03/2021","13.000","13.000","13.000","13.000","0,50K","0,00%"
"09/03/2021","13.000","12.250","13.000","12.250","9,40K","6,12%"
"08/03/2021","12.250","12.750","12.750","12.200","15,90K","-5,77%"
"05/03/2021","13.000","13.000","13.000","13.000","5,40K","-6,98%"
"04/03/2021","13.975","13.975","13.975","13.975","0,40K","0,00%"
"03/03/2021","13.975","13.975","13.975","13.975","0,30K","3,52%"
"26/02/2021","13.500","13.225","13.750","13.225","9,40K","1,89%"
"25/02/2021","13.250","13.250","13.250","13.250","0,30K","-0,19%"
"24/02/2021","13.275","13.250","13.425","13.250","2,50K","1,92%"
"23/02/2021","13.025","14.000","14.000","13.025","58,60K","-6,96%"
"22/02/2021","14.000","14.000","14.000","14.000","0,20K","0,00%"
"17/02/2021","14.000","13.500","14.000","13.325","3,30K","0,72%"
"15/02/2021","13.900","13.750","13.900","13.750","0,30K","-0,71%"
"10/02/2021","14.000","14.000","14.000","14.000","1,00K","0,18%"
"09/02/2021","13.975","13.975","14.150","13.975","9,50K","-1,24%"
"08/02/2021","14.150","14.675","14.675","14.150","2,00K","-3,74%"
"05/02/2021","14.700","14.700","14.700","14.700","0,20K","1,38%"
"04/02/2021","14.500","14.500","14.500","14.500","0,10K","0,00%"
"03/02/2021","14.500","14.500","14.500","14.500","0,50K","0,00%"
"02/02/2021","14.500","14.500","14.500","14.500","0,20K","0,00%"
"29/01/2021","14.500","14.700","15.900","14.500","12,00K","-1,36%"
"28/01/2021","14.700","15.600","15.600","14.700","5,00K","-5,77%"
"27/01/2021","15.600","15.200","15.700","15.200","2,60K","2,63%"
"26/01/2021","15.200","15.550","15.600","15.200","0,40K","-2,56%"
"21/01/2021","15.600","15.600","15.600","15.600","7,00K","0,00%"
"20/01/2021","15.600","15.525","15.800","15.525","1,00K","0,65%"
"19/01/2021","15.500","15.600","15.600","15.500","1,90K","-1,90%"
"18/01/2021","15.800","15.975","15.975","15.800","0,50K","-1,25%"
"15/01/2021","16.000","15.700","16.000","15.250","16,00K","0,79%"
"14/01/2021","15.875","15.900","15.900","15.875","0,20K","-0,16%"
"13/01/2021","15.900","15.900","15.900","15.900","0,80K","-0,63%"
"12/01/2021","16.000","16.000","16.000","16.000","0,20K","0,00%"
"08/01/2021","16.000","15.475","16.000","15.475","3,00K","3,39%"
"07/01/2021","15.475","15.475","15.475","15.475","7,40K","0,00%"
"06/01/2021","15.475","15.475","15.475","15.475","0,10K","0,00%"
"05/01/2021","15.475","15.475","15.475","15.450","9,60K","0,00%"
"04/01/2021","15.475","15.475","15.475","15.475","0,10K","0,00%"
"30/12/2020","15.475","14.425","15.475","14.175","16,30K","7,28%"
"29/12/2020","14.425","14.450","14.450","14.000","1,60K","-0,17%"
"28/12/2020","14.450","15.200","15.400","14.425","80,70K","-6,77%"
"22/12/2020","15.500","14.525","15.500","14.525","2,00K","6,71%"
"18/12/2020","14.525","14.900","14.900","14.500","1,10K","-2,52%"
"17/12/2020","14.900","14.725","15.000","14.000","14,30K","1,36%"
"16/12/2020","14.700","15.100","15.200","14.700","50,70K","-0,68%"
"15/12/2020","14.800","15.850","15.850","14.800","13,90K","-6,62%"
"14/12/2020","15.850","16.000","16.000","15.800","9,00K","0,00%"
"11/12/2020","15.850","15.850","15.850","15.850","0,20K","0,32%"
"08/12/2020","15.800","15.850","15.850","15.800","1,00K","0,32%"
"04/12/2020","15.750","16.000","16.000","15.750","0,50K","-0,63%"
"03/12/2020","15.850","15.850","15.850","15.750","3,10K","2,26%"
"01/12/2020","15.500","15.500","15.500","15.500","1,00K","0,00%"
"30/11/2020","15.500","15.500","15.500","15.500","2,80K","0,00%"
"27/11/2020","15.500","15.350","15.500","15.350","4,20K","7,64%"
"26/11/2020","14.400","14.400","14.400","14.400","0,20K","-0,69%"
"24/11/2020","14.500","14.675","14.675","14.500","5,50K","-1,36%"
"18/11/2020","14.700","14.300","14.700","14.300","6,50K","2,80%"
"17/11/2020","14.300","14.350","14.350","14.300","2,10K","-1,38%"
"13/11/2020","14.500","13.800","14.500","13.700","5,20K","5,45%"
"12/11/2020","13.750","13.800","13.800","13.750","1,60K","-0,36%"
"11/11/2020","13.800","13.850","13.850","13.750","3,20K","0,36%"
"10/11/2020","13.750","13.800","13.800","13.750","1,50K","1,10%"
"09/11/2020","13.600","13.700","13.700","13.600","3,50K","0,74%"
"06/11/2020","13.500","13.600","13.600","13.500","1,00K","0,00%"
"05/11/2020","13.500","12.950","13.500","12.950","8,50K","4,25%"
"04/11/2020","12.950","12.800","13.000","12.800","1,50K","6,15%"
"02/11/2020","12.200","12.200","12.200","12.200","1,00K","-2,01%"
"27/10/2020","12.450","12.450","12.450","12.450","3,10K","-0,40%"
"21/10/2020","12.500","12.500","12.500","12.500","0,10K","0,00%"
"20/10/2020","12.500","12.550","12.550","12.500","1,30K","-0,99%"
"15/10/2020","12.625","12.375","12.625","12.375","1,50K","0,00%"
"02/10/2020","12.625","12.625","12.625","12.625","0,10K","-0,20%"
"22/09/2020","12.650","12.650","12.650","12.650","0,10K","0,00%"
"21/09/2020","12.650","12.650","12.650","12.500","3,80K","1,61%"
"18/09/2020","12.450","12.450","12.450","12.450","0,10K","-0,40%"
"15/09/2020","12.500","12.500","12.500","12.500","0,40K","0,00%"
"14/09/2020","12.500","12.600","12.600","12.500","5,50K","1,63%"
"11/09/2020","12.300","12.000","12.300","12.000","2,10K","10,07%"
"10/09/2020","11.175","12.000","12.800","11.175","5,80K","-6,88%"
"09/09/2020","12.000","12.000","12.000","12.000","12,70K","0,00%"
"08/09/2020","12.000","12.000","12.000","12.000","1,30K","0,00%"
"07/09/2020","12.000","12.600","12.600","12.000","1,70K","-4,76%"
"04/09/2020","12.600","12.600","12.600","12.600","0,10K","-0,40%"
"03/09/2020","12.650","12.650","12.650","12.650","0,30K","0,40%"
"02/09/2020","12.600","12.900","12.900","12.600","13,60K","-2,70%"
"01/09/2020","12.950","12.950","12.950","12.950","2,30K","0,78%"
"31/08/2020","12.850","12.900","12.900","12.850","1,50K","2,80%"
"28/08/2020","12.500","12.800","12.900","12.500","18,60K","-3,85%"
"27/08/2020","13.000","13.200","13.450","13.000","12,90K","-3,70%"
"26/08/2020","13.500","13.400","13.500","13.400","0,50K","3,05%"
"25/08/2020","13.100","13.750","13.750","13.100","7,50K","-3,68%"
"24/08/2020","13.600","13.700","13.700","13.600","3,50K","0,00%"
"19/08/2020","13.600","13.600","13.600","13.600","0,40K","1,49%"
"18/08/2020","13.400","13.600","13.600","13.400","5,20K","-0,56%"
"14/08/2020","13.475","13.500","13.500","13.475","3,40K","-0,19%"
"13/08/2020","13.500","13.275","13.500","13.275","2,20K","1,69%"
"11/08/2020","13.275","13.300","13.300","13.275","3,80K","0,95%"
"10/08/2020","13.150","13.200","13.200","13.150","5,00K","-0,38%"
"07/08/2020","13.200","13.750","13.750","13.200","13,20K","-5,71%"
"05/08/2020","14.000","13.500","14.000","13.500","7,50K","3,70%"
"04/08/2020","13.500","13.350","13.500","13.350","2,80K","2,27%"
"03/08/2020","13.200","13.200","13.200","13.200","11,30K","-0,19%"
"30/07/2020","13.225","13.075","13.550","13.075","2,00K","1,15%"
"29/07/2020","13.075","13.600","13.700","13.075","0,80K","2,15%"
"28/07/2020","12.800","12.800","13.600","12.800","1,70K","0,20%"
"27/07/2020","12.775","13.600","13.600","12.650","8,80K","-6,07%"
"24/07/2020","13.600","13.450","13.600","13.450","2,60K","0,93%"
"23/07/2020","13.475","13.300","13.475","12.600","6,90K","-0,19%"
"22/07/2020","13.500","13.300","13.500","13.250","2,00K","0,00%"
"21/07/2020","13.500","12.500","13.500","12.500","4,00K","7,14%"
"20/07/2020","12.600","12.600","12.600","12.575","4,00K","0,00%"
"17/07/2020","12.600","11.800","12.650","11.800","7,30K","6,78%"
"16/07/2020","11.800","11.825","12.300","11.775","8,70K","-0,21%"
"15/07/2020","11.825","12.000","12.000","11.825","11,80K","-6,89%"
"14/07/2020","12.700","12.500","12.750","11.925","8,60K","-0,78%"
"13/07/2020","12.800","12.800","12.875","12.800","0,80K","-0,58%"
"10/07/2020","12.875","13.000","13.000","12.400","4,20K","3,83%"
"09/07/2020","12.400","12.950","12.950","12.275","2,10K","-4,25%"
"08/07/2020","12.950","13.900","13.900","12.950","9,40K","-6,83%"
"07/07/2020","13.900","13.000","13.900","12.950","3,40K","0,00%"
"06/07/2020","13.900","14.000","14.000","13.500","2,50K","-0,71%"
"03/07/2020","14.000","14.000","14.000","14.000","0,20K","12,22%"
"02/07/2020","12.475","12.475","12.475","12.475","1,20K","0,00%"
"01/07/2020","12.475","12.525","12.525","12.475","0,20K","-0,40%"
"30/06/2020","12.525","12.525","12.525","12.525","0,10K","0,00%"
"29/06/2020","12.525","12.550","12.550","12.525","2,20K","-0,20%"
"26/06/2020","12.550","12.550","14.100","12.000","6,60K","0,00%"
"25/06/2020","12.550","12.550","12.550","12.550","0,10K","-0,40%"
"24/06/2020","12.600","12.600","14.100","12.600","3,50K","0,00%"
"23/06/2020","12.600","14.425","14.450","12.600","3,30K","0,60%"
"22/06/2020","12.525","13.450","13.450","12.525","2,50K","-6,88%"
"19/06/2020","13.450","13.450","13.450","13.450","0,20K","0,00%"
"18/06/2020","13.450","13.450","13.450","13.450","0,20K","0,00%"
"16/06/2020","13.450","13.450","13.450","13.450","0,30K","0,00%"
"15/06/2020","13.450","13.450","13.450","13.450","0,10K","0,00%"
"12/06/2020","13.450","13.450","13.450","13.450","0,10K","0,00%"
"10/06/2020","13.450","13.450","13.450","13.450","0,10K","0,00%"
"08/06/2020","13.450","13.450","13.450","13.450","0,10K","0,00%"
"05/06/2020","13.450","13.450","13.450","13.450","0,40K","0,00%"
"04/06/2020","13.450","13.450","13.450","13.450","0,20K","-6,92%"
"29/05/2020","14.450","14.450","14.450","14.450","0,10K","-0,34%"
"19/05/2020","14.500","14.500","14.500","14.500","0,10K","0,00%"
"15/04/2020","14.500","14.500","14.500","14.500","0,30K","0,00%"
"03/04/2020","14.500","14.500","14.500","14.500","0,10K","0,00%"
"31/03/2020","14.500","14.500","14.500","14.500","0,20K","-4,61%"
"05/03/2020","15.200","15.200","15.200","15.200","0,10K","0,00%"
"28/02/2020","15.200","15.200","15.200","15.200","0,10K","0,00%"
"12/02/2020","15.200","15.200","15.200","15.200","0,60K","0,00%"
"07/02/2020","15.200","15.200","15.200","15.200","0,10K","0,00%"
"05/02/2020","15.200","15.200","15.200","15.200","0,20K","0,00%"
"29/01/2020","15.200","15.000","15.200","15.000","2,20K","0,00%"
"24/01/2020","15.200","15.175","15.200","15.175","10,50K","0,00%"
"22/01/2020","15.200","15.150","15.200","15.150","0,30K","0,00%"
"21/01/2020","15.200","15.200","15.200","15.200","0,10K","0,00%"
"17/01/2020","15.200","15.200","15.200","15.200","2,00K","-1,30%"
"16/01/2020","15.400","15.400","15.400","15.400","0,10K","0,00%"
"15/01/2020","15.400","15.400","15.400","15.400","0,20K","0,00%"
"14/01/2020","15.400","15.400","15.400","15.400","0,20K","0,00%"
"13/01/2020","15.400","15.750","15.750","15.400","1,20K","-2,22%"
"10/01/2020","15.750","15.550","15.750","15.550","1,20K","1,29%"
"09/01/2020","15.550","15.550","15.550","15.550","0,10K","0,00%"
"08/01/2020","15.550","15.550","15.550","15.550","0,20K","0,00%"
"07/01/2020","15.550","15.550","15.550","15.550","1,00K","0,00%"
"03/01/2020","15.550","15.550","15.550","15.550","0,10K","-2,20%"